[{"id":"user-image-20230205_203602.jpg","fileName":"20230205_203602.jpg","name":"20230205_203602","publicUrl":"https://assets.nicepagecdn.com/c1e99180/4393123/images/20230205_203602.jpg","size":882141,"hash":"ZkfgKFSU5akQWZogdR74fRzdACc=","width":1460,"height":1919,"thumbnail":{"url":"https://assets.nicepagecdn.com/c1e99180/4393123/images/thumbnails/20230205_203602.jpg","width":114,"height":150},"usages":["4393139"]},{"id":"user-image-4393139-0.jpeg","fileName":"4393139-0.jpeg","name":"4393139-0","publicUrl":"https://assets.nicepagecdn.com/c1e99180/4393123/images/4393139-0.jpeg","size":131211,"hash":"VfTv5Ry2otpE3tjB1TNaX6hmmdE=","width":1500,"height":1000,"thumbnail":{"url":"https://assets.nicepagecdn.com/c1e99180/4393123/images/thumbnails/4393139-0.jpeg","width":150,"height":100},"usages":[]},{"id":"user-image-20230205_202851.jpg","fileName":"20230205_202851.jpg","name":"20230205_202851","publicUrl":"https://assets.nicepagecdn.com/c1e99180/4393123/images/20230205_202851.jpg","size":1057340,"hash":"ULfVSYRO92ziN0yDQV2gziaIVjE=","width":1015,"height":1804,"thumbnail":{"url":"https://assets.nicepagecdn.com/c1e99180/4393123/images/thumbnails/20230205_202851.jpg","width":84,"height":150},"usages":["4393139"]},{"id":"user-image-20230311_071158.jpg","fileName":"20230311_071158.jpg","name":"20230311_071158","publicUrl":"https://assets.nicepagecdn.com/c1e99180/4393123/images/20230311_071158.jpg","size":1015094,"hash":"SkcgBx60nBuqxTKqToluSWbmKNE=","width":1388,"height":1920,"thumbnail":{"url":"https://assets.nicepagecdn.com/c1e99180/4393123/images/thumbnails/20230311_071158.jpg","width":108,"height":150},"usages":["4393139"]},{"id":"user-image-20230205_203417.jpg","fileName":"20230205_203417.jpg","name":"20230205_203417","publicUrl":"https://assets.nicepagecdn.com/c1e99180/4393123/images/20230205_203417.jpg","size":925587,"hash":"TOSF8+iTqCI6aEo6unJ5zLgS8Ro=","width":1082,"height":1919,"thumbnail":{"url":"https://assets.nicepagecdn.com/c1e99180/4393123/images/thumbnails/20230205_203417.jpg","width":85,"height":150},"usages":[]},{"id":"user-image-20230311_072652.jpg","fileName":"20230311_072652.jpg","name":"20230311_072652","publicUrl":"https://assets.nicepagecdn.com/c1e99180/4393123/images/20230311_072652.jpg","size":1953593,"hash":"bNuXb/EhqUBJT4pmLZnTGl7UGus=","width":1686,"height":2997,"thumbnail":{"url":"https://assets.nicepagecdn.com/c1e99180/4393123/images/thumbnails/20230311_072652.jpg","width":84,"height":150},"usages":[]}]